"semantic_key","cq_id","primary_owner_module_id","related_module_ids","question_zh","reviewer","review_status"
"adapter-benchmarks.task-environment-mapping","adapter-benchmarks-cq-task-environment-mapping-v3","adapter-benchmarks","runtime-system","指定基准版本的任务和环境分别对应哪些核心目标、约束与运行环境？","moonweave-ontology-structure-reviewer","accepted"
"adapter-benchmarks.score-interpretation","adapter-benchmarks-cq-score-interpretation-v3","adapter-benchmarks","feedback-metrics-evaluation","一个基准得分应解释为哪项 Metric 的哪次 Measurement，量纲和方向是否兼容？","moonweave-ontology-structure-reviewer","accepted"
"adapter-benchmarks.trajectory-provenance","adapter-benchmarks-cq-trajectory-provenance-v3","adapter-benchmarks","runtime-observability","基准轨迹映射为 Trace 后，能否保留原始样本、步骤顺序和结果的来源链？","moonweave-ontology-structure-reviewer","accepted"
"adapter-frameworks.construct-equivalence","adapter-frameworks-cq-construct-equivalence-v3","adapter-frameworks","orchestration-composition","给定框架版本中的节点或团队构造，它对应哪个核心组合、角色或任务概念？","moonweave-ontology-structure-reviewer","accepted"
"adapter-frameworks.lifecycle-difference","adapter-frameworks-cq-lifecycle-difference-v3","adapter-frameworks","runtime-system","框架运行对象的生命周期与核心 RuntimeSession 有哪些状态对应和不可映射差异？","moonweave-ontology-structure-reviewer","accepted"
"adapter-frameworks.no-shadow-taxonomy","adapter-frameworks-cq-no-shadow-taxonomy-v3","adapter-frameworks","adapter-mapping-infrastructure","框架映射是否只保留必要端点，而没有复制一套与核心概念竞争的影子分类树？","moonweave-ontology-structure-reviewer","accepted"
"adapter-mapping-infrastructure.rule-applicability","adapter-mapping-infrastructure-cq-rule-applicability-v3","adapter-mapping-infrastructure","adapter-frameworks","给定源概念、目标概念和版本约束，哪些已接受映射规则实际适用？","moonweave-ontology-structure-reviewer","accepted"
"adapter-mapping-infrastructure.coverage-gap","adapter-mapping-infrastructure-cq-coverage-gap-v3","adapter-mapping-infrastructure","adapter-schema-export","一次映射验证后，哪些必需语义没有目标对应，哪些对应被判定为有损？","moonweave-ontology-structure-reviewer","accepted"
"adapter-mapping-infrastructure.adapter-specialization","adapter-mapping-infrastructure-cq-adapter-specialization-v3","adapter-mapping-infrastructure","adapter-protocols","每个具体适配器能否沿分类骨架回到 Adapter，而不会把规则、执行记录或报告误当成适配器？","moonweave-ontology-structure-reviewer","accepted"
"adapter-protocols.versioned-construct-mapping","adapter-protocols-cq-versioned-construct-mapping-v3","adapter-protocols","tool-mcp-transport","某协议版本中的一个构造对应哪些核心概念和关系，兼容范围到哪一版？","moonweave-ontology-structure-reviewer","accepted"
"adapter-protocols.message-behavior-gap","adapter-protocols-cq-message-behavior-gap-v3","adapter-protocols","info-messages-instructions","协议消息行为映射到核心 Message 时，哪些必需行为被保留，哪些只能记录为差异？","moonweave-ontology-structure-reviewer","accepted"
"adapter-protocols.participant-role-separation","adapter-protocols-cq-participant-role-separation-v3","adapter-protocols","runtime-actors","协议参与者如何对应运行主体，而不会把协议角色直接定义成永久 Actor 类型？","moonweave-ontology-structure-reviewer","accepted"
"adapter-schema-export.constraint-projection","adapter-schema-export-cq-constraint-projection-v3","adapter-schema-export","adapter-mapping-infrastructure","某个 canonical 约束在指定目标格式中如何表达，是否存在不可表达部分？","moonweave-ontology-structure-reviewer","accepted"
"adapter-schema-export.round-trip-loss","adapter-schema-export-cq-round-trip-loss-v3","adapter-schema-export","runtime-artifacts","导出后再导入能否恢复原概念、关系方向、基数和受控值，损失具体在哪里？","moonweave-ontology-structure-reviewer","accepted"
"adapter-schema-export.artifact-lineage","adapter-schema-export-cq-artifact-lineage-v3","adapter-schema-export","runtime-artifacts","一个导出文件由哪个 canonical 版本、投影配置和导出活动生成？","moonweave-ontology-structure-reviewer","accepted"
"adapter-statecharts.transition-guard-mapping","adapter-statecharts-cq-transition-guard-mapping-v3","adapter-statecharts","orchestration-routing-control","一条带事件和守卫的状态迁移分别对应哪些核心条件、决定与状态变化？","moonweave-ontology-structure-reviewer","accepted"
"adapter-statecharts.parallel-history-loss","adapter-statecharts-cq-parallel-history-loss-v3","adapter-statecharts","runtime-system","并行区域或历史状态映射到核心会话状态时，会丢失哪些恢复语义？","moonweave-ontology-structure-reviewer","accepted"
"adapter-statecharts.event-instance-separation","adapter-statecharts-cq-event-instance-separation-v3","adapter-statecharts","runtime-observability","状态图中的事件类型与运行时实际发生的事件实例是否保持清晰区分？","moonweave-ontology-structure-reviewer","accepted"
"feedback-logging.record-lineage","feedback-logging-cq-record-lineage-v3","feedback-logging","runtime-observability","某条日志记录来自哪个原始事件或测量，经过哪个流分区和 Sink 到达当前存储？","moonweave-ontology-structure-reviewer","accepted"
"feedback-logging.audit-integrity","feedback-logging-cq-audit-integrity-v3","feedback-logging","safety-commit-redaction","审计日志在指定区间内是否连续且未被篡改，缺口或校验失败在哪里？","moonweave-ontology-structure-reviewer","accepted"
"feedback-logging.export-completeness","feedback-logging-cq-export-completeness-v3","feedback-logging","feedback-metrics-evaluation","一个遥测导出批次是否包含请求窗口内全部应导出的记录、测量引用和追踪引用？","moonweave-ontology-structure-reviewer","accepted"
"feedback-metrics-evaluation.measurement-provenance","feedback-metrics-evaluation-cq-measurement-provenance-v3","feedback-metrics-evaluation","feedback-logging","一个测量值由哪项 Metric、哪次 EvaluationRun、哪个数据切片和哪个被评对象产生？","moonweave-ontology-structure-reviewer","accepted"
"feedback-metrics-evaluation.criterion-verdict","feedback-metrics-evaluation-cq-criterion-verdict-v3","feedback-metrics-evaluation","orchestration-evaluation","给定一组测量，哪个判据产生通过、失败或不确定结论，阈值如何应用？","moonweave-ontology-structure-reviewer","accepted"
"feedback-metrics-evaluation.comparable-runs","feedback-metrics-evaluation-cq-comparable-runs-v3","feedback-metrics-evaluation","adapter-benchmarks","两次评估运行的分数是否可直接比较，还是指标版本、数据切片或聚合方法不同？","moonweave-ontology-structure-reviewer","accepted"
"feedback-optimization-learning.signal-aggregation","feedback-optimization-learning-cq-signal-aggregation-v3","feedback-optimization-learning","feedback-metrics-evaluation","哪些跨运行测量和审查结果共同形成一个学习信号，聚合窗口和权重是什么？","moonweave-ontology-structure-reviewer","accepted"
"feedback-optimization-learning.proposal-justification","feedback-optimization-learning-cq-proposal-justification-v3","feedback-optimization-learning","feedback-review-optimization","一项变更提案针对哪个优化目标，预期收益、风险和反证分别是什么？","moonweave-ontology-structure-reviewer","accepted"
"feedback-optimization-learning.governed-application","feedback-optimization-learning-cq-governed-application-v3","feedback-optimization-learning","safety-commit-redaction","哪些已批准提案可以进入实际变更，哪些因权限、风险或证据不足而保持待定？","moonweave-ontology-structure-reviewer","accepted"
"feedback-review-optimization.finding-disposition","feedback-review-optimization-cq-finding-disposition-v3","feedback-review-optimization","feedback-optimization-learning","某条 Finding 当前由谁负责，已接受、驳回、纠正还是等待复验？","moonweave-ontology-structure-reviewer","accepted"
"feedback-review-optimization.correction-verification","feedback-review-optimization-cq-correction-verification-v3","feedback-review-optimization","feedback-warning-error","一项纠正是否真正消除了原问题，哪次复验证据支持关闭决定？","moonweave-ontology-structure-reviewer","accepted"
"feedback-review-optimization.review-reopen","feedback-review-optimization-cq-review-reopen-v3","feedback-review-optimization","feedback-metrics-evaluation","哪些新证据足以重开已关闭审查，重开后沿用还是新建 Finding？","moonweave-ontology-structure-reviewer","accepted"
"feedback-warning-error.signal-to-failure","feedback-warning-error-cq-signal-to-failure-v3","feedback-warning-error","runtime-observability","哪些原始观测被同一次诊断解释为症状，并支持了哪个故障事件？","moonweave-ontology-structure-reviewer","accepted"
"feedback-warning-error.mode-versus-occurrence","feedback-warning-error-cq-mode-versus-occurrence-v3","feedback-warning-error","runtime-execution-attempts","一个失败是可重复的 FailureMode，还是某次执行中的 FailureEvent？","moonweave-ontology-structure-reviewer","accepted"
"feedback-warning-error.resolution-evidence","feedback-warning-error-cq-resolution-evidence-v3","feedback-warning-error","feedback-review-optimization","某项处置为何可标记为已解决，修复后有哪些复验结果支持它？","moonweave-ontology-structure-reviewer","accepted"
"info-container-command.ordered-output","info-container-command-cq-ordered-output-v3","info-container-command","runtime-execution-attempts","某次执行的 stdout 与 stderr 分块按各自序号重组后分别是什么，是否存在缺块？","moonweave-ontology-structure-reviewer","accepted"
"info-container-command.exit-status-evidence","info-container-command-cq-exit-status-evidence-v3","info-container-command","feedback-warning-error","退出码、终止信号和完成时间共同支持哪个退出状态观测，是否足以判定成功或失败？","moonweave-ontology-structure-reviewer","accepted"
"info-container-command.context-admission","info-container-command-cq-context-admission-v3","info-container-command","memory-context","哪些执行观测被接纳进某个上下文版本，选择范围、截断和来源引用是什么？","moonweave-ontology-structure-reviewer","accepted"
"info-content-block-modality.block-classification","info-content-block-modality-cq-block-classification-v3","info-content-block-modality","info-messages-instructions","给定 MIME 类型、编码和结构字段，一个内容块应归入哪个最具体的已接受类型？","moonweave-ontology-structure-reviewer","accepted"
"info-content-block-modality.message-containment","info-content-block-modality-cq-message-containment-v3","info-content-block-modality","info-messages-instructions","一条消息包含哪些有序内容块，每个块的形式是什么，而消息本身为何不是 ContentBlock？","moonweave-ontology-structure-reviewer","accepted"
"info-content-block-modality.attachment-integrity","info-content-block-modality-cq-attachment-integrity-v3","info-content-block-modality","info-storage-sources","文件附件块的媒体类型、长度和摘要是否与它引用的来源对象一致？","moonweave-ontology-structure-reviewer","accepted"
"info-indexing.session-candidate-provenance","info-indexing-cq-session-candidate-provenance-v3","info-indexing","memory-context","某次上下文发现返回了哪些候选，每项来自哪里、匹配了什么查询条件？","moonweave-ontology-structure-reviewer","accepted"
"info-indexing.light-index-view","info-indexing-cq-light-index-view-v3","info-indexing","memory-embedding-indexes","一个 LightIndex 引用了哪个持久索引版本和范围，它是否错误地声明了独立分片或构建生命周期？","moonweave-ontology-structure-reviewer","accepted"
"info-indexing.discovery-versus-retrieval","info-indexing-cq-discovery-versus-retrieval-v3","info-indexing","memory-retrieval-ranking","一个候选结果属于会话内发现，还是属于带索引版本、融合和重排证据的持久检索？","moonweave-ontology-structure-reviewer","accepted"
"info-messages-instructions.conversation-order","info-messages-instructions-cq-conversation-order-v3","info-messages-instructions","runtime-system","一个会话的轮次和消息按什么顺序排列，是否存在重复位置或断裂前驱？","moonweave-ontology-structure-reviewer","accepted"
"info-messages-instructions.message-role-envelope","info-messages-instructions-cq-message-role-envelope-v3","info-messages-instructions","tool-mcp-transport","某条消息由谁发送、采用什么角色，并位于哪个协议或会话包络中？","moonweave-ontology-structure-reviewer","accepted"
"info-messages-instructions.context-reference","info-messages-instructions-cq-context-reference-v3","info-messages-instructions","memory-context","一条消息引用了哪个不可变 ContextPackage，引用发生在发送前的哪个上下文版本？","moonweave-ontology-structure-reviewer","accepted"
"info-output-disclosure.visible-fragments","info-output-disclosure-cq-visible-fragments-v3","info-output-disclosure","runtime-artifacts","某个运行结果向指定受众实际显示了哪些片段，哪些被截断或抑制？","moonweave-ontology-structure-reviewer","accepted"
"info-output-disclosure.window-application","info-output-disclosure-cq-window-application-v3","info-output-disclosure","memory-context","首尾窗口或长度窗口如何应用到内容片段，实际边界与不可变上下文版本有何关系？","moonweave-ontology-structure-reviewer","accepted"
"info-output-disclosure.policy-to-display","info-output-disclosure-cq-policy-to-display-v3","info-output-disclosure","safety-disclosure-redaction","一项安全披露决定如何改变最终显示，安全变换和实际披露是否都有独立证据？","moonweave-ontology-structure-reviewer","accepted"
"info-prompts-instructions.template-instantiation","info-prompts-instructions-cq-template-instantiation-v3","info-prompts-instructions","info-content-block-modality","某个 PromptTemplateInstance 实例化了哪个模板，变量绑定和内容块是否满足模板约束？","moonweave-ontology-structure-reviewer","accepted"
"info-prompts-instructions.authority-resolution","info-prompts-instructions-cq-authority-resolution-v3","info-prompts-instructions","safety-injection-defense","相互冲突的系统、开发者、用户和覆盖指令按何种权威、作用域与优先级得到最终解析？","moonweave-ontology-structure-reviewer","accepted"
"info-prompts-instructions.message-carriage","info-prompts-instructions-cq-message-carriage-v3","info-prompts-instructions","info-messages-instructions","一条消息承载了哪些指令或提示内容，哪些普通内容块不产生规范约束？","moonweave-ontology-structure-reviewer","accepted"
"info-storage-sources.precise-resolution","info-storage-sources-cq-precise-resolution-v3","info-storage-sources","memory-ingestion","一个来源引用能否解析到唯一对象版本和精确行、页、单元格或文本跨度？","moonweave-ontology-structure-reviewer","accepted"
"info-storage-sources.identity-verification","info-storage-sources-cq-identity-verification-v3","info-storage-sources","runtime-artifacts","引用记录的版本、摘要和校验和是否与当前取回对象一致，若不一致是哪一项漂移？","moonweave-ontology-structure-reviewer","accepted"
"info-storage-sources.reference-versus-referent","info-storage-sources-cq-reference-versus-referent-v3","info-storage-sources","memory-ingestion","查询结果中的对象是来源引用、位置值，还是被引用的实际资源，canonical owner 分别是谁？","moonweave-ontology-structure-reviewer","accepted"
"memory-chunking-situating.source-reconstruction","memory-chunking-situating-cq-source-reconstruction-v3","memory-chunking-situating","memory-ingestion","一组 Chunk 能否按来源跨度无重叠冲突地还原目标文档范围，缺口在哪里？","moonweave-ontology-structure-reviewer","accepted"
"memory-chunking-situating.run-parameters","memory-chunking-situating-cq-run-parameters-v3","memory-chunking-situating","memory-embedding-indexes","某个 Chunk 由哪次分块运行产生，使用了什么边界策略、重叠量和源版本？","moonweave-ontology-structure-reviewer","accepted"
"memory-chunking-situating.contextualization-fidelity","memory-chunking-situating-cq-contextualization-fidelity-v3","memory-chunking-situating","memory-context","语境化或压缩后的 Chunk 保留了哪些原文主张，新增背景能否与来源内容区分？","moonweave-ontology-structure-reviewer","accepted"
"memory-context.version-membership","memory-context-cq-version-membership-v3","memory-context","info-messages-instructions","某个不可变 ContextPackage 按顺序包含哪些 ContextSlot，每个 Slot 引用哪个来源与候选证据？","moonweave-ontology-structure-reviewer","accepted"
"memory-context.budget-accounting","memory-context-cq-budget-accounting-v3","memory-context","info-output-disclosure","组装活动如何在 token、长度和优先级预算下选择或裁剪候选，未纳入项为何被排除？","moonweave-ontology-structure-reviewer","accepted"
"memory-context.refresh-versioning","memory-context-cq-refresh-versioning-v3","memory-context","info-indexing","来源失效或新候选到达后，ContextRefreshEvent 产生了哪个新 ContextPackage，旧版本是否保持不可变？","moonweave-ontology-structure-reviewer","accepted"
"memory-embedding-indexes.representation-lineage","memory-embedding-indexes-cq-representation-lineage-v3","memory-embedding-indexes","runtime-actors","一个 Embedding 由哪个内容版本、模型版本、参数和表示运行生成？","moonweave-ontology-structure-reviewer","accepted"
"memory-embedding-indexes.entry-version-membership","memory-embedding-indexes-cq-entry-version-membership-v3","memory-embedding-indexes","memory-stores-scopes","某个 IndexEntry 属于哪个分片和索引版本，它引用的内容与表示是否兼容？","moonweave-ontology-structure-reviewer","accepted"
"memory-embedding-indexes.refresh-visibility","memory-embedding-indexes-cq-refresh-visibility-v3","memory-embedding-indexes","memory-retrieval-ranking","一次索引刷新新增、替换或删除了哪些条目，检索从哪个提交点开始可见？","moonweave-ontology-structure-reviewer","accepted"
"memory-ingestion.loader-selection","memory-ingestion-cq-loader-selection-v3","memory-ingestion","info-storage-sources","给定来源媒体类型、访问方式和安全约束，应选择哪个 Loader 与接入策略？","moonweave-ontology-structure-reviewer","accepted"
"memory-ingestion.deduplication-decision","memory-ingestion-cq-deduplication-decision-v3","memory-ingestion","memory-stores-scopes","新内容与已有记忆对象是完全重复、版本更新还是独立记录，依据哪些身份键？","moonweave-ontology-structure-reviewer","accepted"
"memory-ingestion.provenance-chain","memory-ingestion-cq-provenance-chain-v3","memory-ingestion","memory-chunking-situating","一份已接入文档由哪个来源、哪次 DocumentLoader 运行和哪些规范化步骤产生？","moonweave-ontology-structure-reviewer","accepted"
"memory-lifecycle.version-lineage","memory-lifecycle-cq-version-lineage-v3","memory-lifecycle","memory-stores-scopes","某个记忆实体版本由哪项操作从哪些前驱版本产生，actor、reason 和 policy 是什么？","moonweave-ontology-structure-reviewer","accepted"
"memory-lifecycle.expiry-eviction-distinction","memory-lifecycle-cq-expiry-eviction-distinction-v3","memory-lifecycle","memory-stores-scopes","一个记忆对象为何不可用：达到到期条件、因容量被驱逐、被删除还是被新版本替代？","moonweave-ontology-structure-reviewer","accepted"
"memory-lifecycle.consolidation-conflict","memory-lifecycle-cq-consolidation-conflict-v3","memory-lifecycle","feedback-review-optimization","合并或巩固多个记忆时发现了哪些冲突，哪些主张被保留、替代或标记待审？","moonweave-ontology-structure-reviewer","accepted"
"memory-retrieval-ranking.replay","memory-retrieval-ranking-cq-replay-v3","memory-retrieval-ranking","memory-embedding-indexes","给定 RetrievalTrace，能否用相同查询、过滤器、索引版本和模型重现候选与排名？","moonweave-ontology-structure-reviewer","accepted"
"memory-retrieval-ranking.score-explanation","memory-retrieval-ranking-cq-score-explanation-v3","memory-retrieval-ranking","memory-context","某个已检索 Chunk 为何位于当前名次，各评分、融合权重和重排依据是什么？","moonweave-ontology-structure-reviewer","accepted"
"memory-retrieval-ranking.candidate-result-separation","memory-retrieval-ranking-cq-candidate-result-separation-v3","memory-retrieval-ranking","info-indexing","哪些候选在评分或重排后被淘汰，哪些成为最终 RetrievalResult，二者身份是否混淆？","moonweave-ontology-structure-reviewer","accepted"
"memory-stores-scopes.composable-facets","memory-stores-scopes-cq-composable-facets-v3","memory-stores-scopes","memory-lifecycle","一个记忆对象同时具有哪种知识类型、时长、作用域和保留要求，组合是否被允许？","moonweave-ontology-structure-reviewer","accepted"
"memory-stores-scopes.storage-location","memory-stores-scopes-cq-storage-location-v3","memory-stores-scopes","memory-embedding-indexes","某个 MemoryEntity 当前存在哪个 Store 和 Namespace，物理后端与逻辑作用域如何对应？","moonweave-ontology-structure-reviewer","accepted"
"memory-stores-scopes.backend-versus-index","memory-stores-scopes-cq-backend-versus-index-v3","memory-stores-scopes","memory-embedding-indexes","一个对象是存储后端、索引结构还是索引条目，为什么 VectorDatabase 不应归为 Index 子类？","moonweave-ontology-structure-reviewer","accepted"
"orchestration-actors-delegation.active-role-bindings","orchestration-actors-delegation-cq-active-role-bindings-v3","orchestration-actors-delegation","runtime-actors","在指定任务与时间点，哪些运行主体承担编排者、工作者或审查者角色？","moonweave-ontology-structure-reviewer","accepted"
"orchestration-actors-delegation.role-not-actor","orchestration-actors-delegation-cq-role-not-actor-v3","orchestration-actors-delegation","runtime-actors","Orchestrator、Subagent 和 Worker 是否都建模为角色而非永久 Actor 子类？","moonweave-ontology-structure-reviewer","accepted"
"orchestration-actors-delegation.team-coverage","orchestration-actors-delegation-cq-team-coverage-v3","orchestration-actors-delegation","orchestration-composition","一个协作拓扑要求的角色是否都已绑定，是否有冲突绑定或无人承担的职责？","moonweave-ontology-structure-reviewer","accepted"
"orchestration-composition.topology-expansion","orchestration-composition-cq-topology-expansion-v3","orchestration-composition","orchestration-routing-control","一个组合模式展开后有哪些有序阶段、并行分支或投票与综合组件，入口和汇合点在哪里？","moonweave-ontology-structure-reviewer","accepted"
"orchestration-composition.pattern-validity","orchestration-composition-cq-pattern-validity-v3","orchestration-composition","orchestration-task-planning","某个拓扑是否满足所声明 Chain、Parallel、Voting 或 Synthesis 模式的结构约束？","moonweave-ontology-structure-reviewer","accepted"
"orchestration-composition.synthesis-provenance","orchestration-composition-cq-synthesis-provenance-v3","orchestration-composition","runtime-artifacts","综合输出由哪些分支输入、投票或聚合活动产生，能否追溯每项贡献？","moonweave-ontology-structure-reviewer","accepted"
"orchestration-delegation-handoff.process-state","orchestration-delegation-handoff-cq-process-state-v3","orchestration-delegation-handoff","orchestration-actors-delegation","某次委派当前处于发起、接受、撤销还是完成阶段，哪条事件使状态生效？","moonweave-ontology-structure-reviewer","accepted"
"orchestration-delegation-handoff.worker-selection","orchestration-delegation-handoff-cq-worker-selection-v3","orchestration-delegation-handoff","tool-discovery-selection","候选工作者经过哪些可用性、能力和约束判断后被选择，落选原因是什么？","moonweave-ontology-structure-reviewer","accepted"
"orchestration-delegation-handoff.responsibility-transfer","orchestration-delegation-handoff-cq-responsibility-transfer-v3","orchestration-delegation-handoff","runtime-actors","移交前后谁拥有任务控制权和结果责任，未被移交的权限或预算有哪些？","moonweave-ontology-structure-reviewer","accepted"
"orchestration-evaluation.phase-order","orchestration-evaluation-cq-phase-order-v3","orchestration-evaluation","feedback-metrics-evaluation","某次改进循环按何种顺序调度评估、反馈、修订和复验，当前位于哪一阶段？","moonweave-ontology-structure-reviewer","accepted"
"orchestration-evaluation.retry-stop","orchestration-evaluation-cq-retry-stop-v3","orchestration-evaluation","orchestration-routing-control","评估未达标后应修订重试还是停止，次数、预算和改善幅度阈值如何共同决定？","moonweave-ontology-structure-reviewer","accepted"
"orchestration-evaluation.content-reference","orchestration-evaluation-cq-content-reference-v3","orchestration-evaluation","feedback-review-optimization","循环中的 EvaluationAttempt 和 RevisionAttempt 分别引用了哪些评估结果与 Finding，而没有复制其内容语义？","moonweave-ontology-structure-reviewer","accepted"
"orchestration-routing-control.route-decision","orchestration-routing-control-cq-route-decision-v3","orchestration-routing-control","orchestration-composition","给定当前状态与候选路径，哪项条件评估产生了哪个 RoutingDecision 和 RoutingTarget？","moonweave-ontology-structure-reviewer","accepted"
"orchestration-routing-control.gate-outcome","orchestration-routing-control-cq-gate-outcome-v3","orchestration-routing-control","safety-permission-policy","某个 ControlGate 为何允许、拒绝或暂缓下游操作，所需证据是否齐全？","moonweave-ontology-structure-reviewer","accepted"
"orchestration-routing-control.retry-stop","orchestration-routing-control-cq-retry-stop-v3","orchestration-routing-control","runtime-execution-attempts","一次失败后应重试还是停止，剩余次数、退避、终止证据和新 RunAttempt 如何确定？","moonweave-ontology-structure-reviewer","accepted"
"orchestration-task-planning.goal-realization","orchestration-task-planning-cq-goal-realization-v3","orchestration-task-planning","runtime-execution-attempts","某个 Goal 由哪份工作规约定义，并由哪些 TaskPlan、Task 和 TaskStep 逐层实现？","moonweave-ontology-structure-reviewer","accepted"
"orchestration-task-planning.readiness","orchestration-task-planning-cq-readiness-v3","orchestration-task-planning","orchestration-routing-control","一个 Task 在什么前置条件和依赖满足后可开始，哪些完成标准决定它结束？","moonweave-ontology-structure-reviewer","accepted"
"orchestration-task-planning.definition-versus-attempt","orchestration-task-planning-cq-definition-versus-attempt-v3","orchestration-task-planning","runtime-execution-attempts","查询中的对象是可复用 Task 定义还是某次 RunAttempt，二者如何通过 realizes 关联？","moonweave-ontology-structure-reviewer","accepted"
"runtime-actors.session-participants","runtime-actors-cq-session-participants-v3","runtime-actors","runtime-system","某个 RuntimeSession 中有哪些人类、智能体和服务参与者，各自绑定了哪些模型与能力？","moonweave-ontology-structure-reviewer","accepted"
"runtime-actors.actor-role-separation","runtime-actors-cq-actor-role-separation-v3","runtime-actors","orchestration-actors-delegation","一个 AgentActor 当前承担哪些协作角色，角色变化是否保持 Actor 身份不变？","moonweave-ontology-structure-reviewer","accepted"
"runtime-actors.model-binding-provenance","runtime-actors-cq-model-binding-provenance-v3","runtime-actors","memory-embedding-indexes","一次生成、嵌入或重排活动实际使用了哪个 Model 版本、配置和提供方绑定？","moonweave-ontology-structure-reviewer","accepted"
"runtime-artifacts.provenance","runtime-artifacts-cq-provenance-v3","runtime-artifacts","runtime-execution-attempts","某个产物版本由哪次 RunAttempt 使用哪些输入生成，并派生自哪些先前产物版本？","moonweave-ontology-structure-reviewer","accepted"
"runtime-artifacts.version-identity","runtime-artifacts-cq-version-identity-v3","runtime-artifacts","info-storage-sources","两个同名产物是同一版本、不同版本还是不同产物，哪些身份键和摘要决定结论？","moonweave-ontology-structure-reviewer","accepted"
"runtime-artifacts.status-not-subtype","runtime-artifacts-cq-status-not-subtype-v3","runtime-artifacts","feedback-review-optimization","一个产物当前是草稿、待审还是最终状态，状态变化是否未生成 DraftArtifact 或 FinalArtifact 伪类？","moonweave-ontology-structure-reviewer","accepted"
"runtime-execution-attempts.attempt-lineage","runtime-execution-attempts-cq-attempt-lineage-v3","runtime-execution-attempts","orchestration-routing-control","一次 Execution 有哪些按序 Attempt，哪些是重试，它们分别由什么失败和策略触发？","moonweave-ontology-structure-reviewer","accepted"
"runtime-execution-attempts.result-outcome","runtime-execution-attempts-cq-result-outcome-v3","runtime-execution-attempts","feedback-warning-error","某次 Attempt 产生了什么 Result，其 Outcome 为成功、失败还是取消，判断证据是什么？","moonweave-ontology-structure-reviewer","accepted"
"runtime-execution-attempts.budget-accounting","runtime-execution-attempts-cq-budget-accounting-v3","runtime-execution-attempts","tool-invocation-execution","某项 Execution 在各次 Attempt 中消耗了多少时间、成本、token 和调用额度，是否超过预算？","moonweave-ontology-structure-reviewer","accepted"
"runtime-observability.trace-causality","runtime-observability-cq-trace-causality-v3","runtime-observability","runtime-execution-attempts","某次 RunAttempt 对应哪些 TraceSpan 和 TraceEvent，父子、链接与时间顺序是否一致？","moonweave-ontology-structure-reviewer","accepted"
"runtime-observability.checkpoint-recovery","runtime-observability-cq-checkpoint-recovery-v3","runtime-observability","runtime-system","一个 Checkpoint 捕获了哪个状态快照，恢复或回放从何处开始并产生了什么差异？","moonweave-ontology-structure-reviewer","accepted"
"runtime-observability.trace-versus-log","runtime-observability-cq-trace-versus-log-v3","runtime-observability","feedback-logging","一个对象是原始 TraceEvent、记录该事件的 LogRecord，还是将其导出的 TraceExport？","moonweave-ontology-structure-reviewer","accepted"
"runtime-system.session-state","runtime-system-cq-session-state-v3","runtime-system","runtime-execution-attempts","某个 RuntimeSession 当前处于启动、活跃、暂停还是结束状态，哪条生命周期事件支持判断？","moonweave-ontology-structure-reviewer","accepted"
"runtime-system.environment-binding","runtime-system-cq-environment-binding-v3","runtime-system","safety-sandbox-network","一个 AgentSystem 在哪个实际环境和工作目录运行，环境是否引用了获准的隔离规范？","moonweave-ontology-structure-reviewer","accepted"
"runtime-system.session-attempt-membership","runtime-system-cq-session-attempt-membership-v3","runtime-system","runtime-execution-attempts","某次执行尝试属于哪个会话，会话暂停或结束后是否仍错误地产生新尝试？","moonweave-ontology-structure-reviewer","accepted"
"safety-commit-redaction.gate-decision","safety-commit-redaction-cq-gate-decision-v3","safety-commit-redaction","safety-permission-policy","某项副作用请求是否获得所需授权、审批和预览证据，提交门为何允许或拒绝？","moonweave-ontology-structure-reviewer","accepted"
"safety-commit-redaction.effect-idempotency","safety-commit-redaction-cq-effect-idempotency-v3","safety-commit-redaction","tool-invocation-execution","同一幂等键的请求是否只产生一次 SideEffect，重复调用如何被识别和处理？","moonweave-ontology-structure-reviewer","accepted"
"safety-commit-redaction.rollback-verification","safety-commit-redaction-cq-rollback-verification-v3","safety-commit-redaction","runtime-observability","副作用失败后执行了什么补偿或 Rollback，外部状态是否恢复到可验证目标？","moonweave-ontology-structure-reviewer","accepted"
"safety-disclosure-redaction.sensitive-span","safety-disclosure-redaction-cq-sensitive-span-v3","safety-disclosure-redaction","info-content-block-modality","指定受众下哪些内容跨度属于哪种敏感级别，检测证据和适用规则是什么？","moonweave-ontology-structure-reviewer","accepted"
"safety-disclosure-redaction.transformation-integrity","safety-disclosure-redaction-cq-transformation-integrity-v3","safety-disclosure-redaction","info-output-disclosure","脱敏输出是否只改变规则命中的跨度，并保持其余内容顺序和来源映射？","moonweave-ontology-structure-reviewer","accepted"
"safety-disclosure-redaction.audit-disclosure","safety-disclosure-redaction-cq-audit-disclosure-v3","safety-disclosure-redaction","feedback-logging","谁在何种授权下看到了哪类敏感信息或脱敏结果，审计记录是否完整？","moonweave-ontology-structure-reviewer","accepted"
"safety-injection-defense.taint-provenance","safety-injection-defense-cq-taint-provenance-v3","safety-injection-defense","memory-ingestion","某段内容为何被标记为 Taint，污点从哪个来源经哪些转换传播到当前对象？","moonweave-ontology-structure-reviewer","accepted"
"safety-injection-defense.instruction-conflict","safety-injection-defense-cq-instruction-conflict-v3","safety-injection-defense","info-prompts-instructions","哪些指令构成安全冲突，冲突涉及的权威、来源和潜在越权目标是什么？","moonweave-ontology-structure-reviewer","accepted"
"safety-injection-defense.mitigation-verification","safety-injection-defense-cq-mitigation-verification-v3","safety-injection-defense","memory-context","隔离、降权或拒绝缓解后，威胁内容是否仍能进入上下文或影响高权威指令？","moonweave-ontology-structure-reviewer","accepted"
"safety-network-control.route-authorization","safety-network-control-cq-route-authorization-v3","safety-network-control","safety-permission-policy","某个请求解析到哪些 IP 与端点，最终路由和代理是否均在允许范围内？","moonweave-ontology-structure-reviewer","accepted"
"safety-network-control.denied-call","safety-network-control-cq-denied-call-v3","safety-network-control","tool-invocation-execution","一次网络调用为何被拒绝，拒绝发生在解析、路由、代理、目的地还是响应阶段？","moonweave-ontology-structure-reviewer","accepted"
"safety-network-control.response-provenance","safety-network-control-cq-response-provenance-v3","safety-network-control","tool-mcp-transport","一个 InboundResponse 来自哪个经验证端点和 OutboundRequest，重定向链是否越过获准边界？","moonweave-ontology-structure-reviewer","accepted"
"safety-permission-policy.request-decision","safety-permission-policy-cq-request-decision-v3","safety-permission-policy","safety-trust-boundary","给定主体、资源、动作和上下文，哪些规则适用并产生允许、拒绝还是暂缓决定？","moonweave-ontology-structure-reviewer","accepted"
"safety-permission-policy.grant-validity","safety-permission-policy-cq-grant-validity-v3","safety-permission-policy","runtime-actors","某项 AuthorizationGrant 在指定时间、资源和动作上是否仍有效，是否已过期或撤销？","moonweave-ontology-structure-reviewer","accepted"
"safety-permission-policy.rule-conflict","safety-permission-policy-cq-rule-conflict-v3","safety-permission-policy","safety-commit-redaction","同时适用的允许与拒绝规则如何冲突消解，最终决定是否符合优先级和默认策略？","moonweave-ontology-structure-reviewer","accepted"
"safety-sandbox-network.resource-visibility","safety-sandbox-network-cq-resource-visibility-v3","safety-sandbox-network","runtime-system","指定 Sandbox 中的进程可以读取、写入或执行哪些路径和本地资源？","moonweave-ontology-structure-reviewer","accepted"
"safety-sandbox-network.mount-resolution","safety-sandbox-network-cq-mount-resolution-v3","safety-sandbox-network","safety-permission-policy","某个容器路径映射到哪个宿主路径，FilesystemPolicy 的挂载模式和授权是否允许当前操作？","moonweave-ontology-structure-reviewer","accepted"
"safety-sandbox-network.escape-risk","safety-sandbox-network-cq-escape-risk-v3","safety-sandbox-network","safety-network-control","哪些配置或运行证据表明存在文件系统、进程或命名空间逃逸风险，缓解措施是否生效？","moonweave-ontology-structure-reviewer","accepted"
"safety-trust-boundary.crossing-classification","safety-trust-boundary-cq-crossing-classification-v3","safety-trust-boundary","safety-permission-policy","一项数据或权限移动跨越了哪些信任边界，方向和源目标区域分别是什么？","moonweave-ontology-structure-reviewer","accepted"
"safety-trust-boundary.zone-membership","safety-trust-boundary-cq-zone-membership-v3","safety-trust-boundary","runtime-system","某个运行主体、资源或数据在指定时间属于哪个 DataZone，是否存在重叠或无归属？","moonweave-ontology-structure-reviewer","accepted"
"safety-trust-boundary.authority-scope","safety-trust-boundary-cq-authority-scope-v3","safety-trust-boundary","safety-permission-policy","一次跨界携带的 AuthorityScope 是否超出源主体获准范围或目标区域允许范围？","moonweave-ontology-structure-reviewer","accepted"
"tool-discovery-selection.candidate-generation","tool-discovery-selection-cq-candidate-generation-v3","tool-discovery-selection","tool-registry-definition","当前任务需求和约束从哪些注册能力中产生了哪些候选，是否漏掉兼容条目？","moonweave-ontology-structure-reviewer","accepted"
"tool-discovery-selection.selection-explanation","tool-discovery-selection-cq-selection-explanation-v3","tool-discovery-selection","orchestration-routing-control","被选工具相对其他候选在能力匹配、可用性、成本、延迟和风险上为何胜出？","moonweave-ontology-structure-reviewer","accepted"
"tool-discovery-selection.fallback-trigger","tool-discovery-selection-cq-fallback-trigger-v3","tool-discovery-selection","tool-invocation-execution","首选工具不可用或调用失败后，哪个条件触发哪个后备工具，是否需要重新授权？","moonweave-ontology-structure-reviewer","accepted"
"tool-invocation-execution.argument-validation","tool-invocation-execution-cq-argument-validation-v3","tool-invocation-execution","tool-registry-definition","一次 Invocation 的参数是否符合所选定义版本的 schema、必填项和约束？","moonweave-ontology-structure-reviewer","accepted"
"tool-invocation-execution.attempt-result","tool-invocation-execution-cq-attempt-result-v3","tool-invocation-execution","runtime-execution-attempts","某次 Invocation 有哪些 ToolCallAttempt，各自返回 ToolResult 还是 ToolError，最终 RunOutcome 如何对齐通用执行？","moonweave-ontology-structure-reviewer","accepted"
"tool-invocation-execution.effect-governance","tool-invocation-execution-cq-effect-governance-v3","tool-invocation-execution","safety-commit-redaction","一次工具调用声明或产生了哪些外部 Effect，哪些在提交门前只是预览？","moonweave-ontology-structure-reviewer","accepted"
"tool-mcp-transport.request-correlation","tool-mcp-transport-cq-request-correlation-v3","tool-mcp-transport","tool-invocation-execution","一个 MCPRequest 在哪个会话由谁发送，关联哪个 MCPResponse 或错误，是否存在重复或悬空 id？","moonweave-ontology-structure-reviewer","accepted"
"tool-mcp-transport.capability-negotiation","tool-mcp-transport-cq-capability-negotiation-v3","tool-mcp-transport","adapter-protocols","客户端与服务器在会话初始化时协商出哪些 MCP Capability，版本差异如何影响可用功能？","moonweave-ontology-structure-reviewer","accepted"
"tool-mcp-transport.subscription-lifecycle","tool-mcp-transport-cq-subscription-lifecycle-v3","tool-mcp-transport","safety-network-control","一个 MCPSubscription 何时建立、发送了哪些通知、何时取消或断连，是否有越界通知？","moonweave-ontology-structure-reviewer","accepted"
"tool-registry-definition.contract-resolution","tool-registry-definition-cq-contract-resolution-v3","tool-registry-definition","tool-invocation-execution","给定工具 id 和版本约束，应解析到哪份输入、输出和错误契约？","moonweave-ontology-structure-reviewer","accepted"
"tool-registry-definition.registry-availability","tool-registry-definition-cq-registry-availability-v3","tool-registry-definition","tool-discovery-selection","哪些注册条目在指定时间和环境中有效，提供方、端点与健康状态是什么？","moonweave-ontology-structure-reviewer","accepted"
"tool-registry-definition.capability-identity","tool-registry-definition-cq-capability-identity-v3","tool-registry-definition","runtime-actors","两个工具定义暴露相似名称时，是同一能力的不同实现、不同版本还是不同能力？","moonweave-ontology-structure-reviewer","accepted"
